{
  "creator": "Yosys 0.7 (git sha1 61f6811, i686-w64-mingw32.static-gcc 4.9.3 -Os)",
  "modules": {
    "main_vd5ba31": {
      "attributes": {
        "src": "Ejem01.v:30"
      },
      "ports": {
        "a": {
          "direction": "input",
          "bits": [ 2 ]
        },
        "b": {
          "direction": "input",
          "bits": [ 3 ]
        },
        "c": {
          "direction": "input",
          "bits": [ 4 ]
        },
        "out": {
          "direction": "output",
          "bits": [ 5 ]
        }
      },
      "cells": {
        "$or$Ejem01.v:41$2": {
          "hide_name": 1,
          "type": "$or",
          "parameters": {
            "Y_WIDTH": 1,
            "B_WIDTH": 1,
            "A_WIDTH": 1,
            "B_SIGNED": 0,
            "A_SIGNED": 0
          },
          "attributes": {
            "src": "Ejem01.v:41"
          },
          "port_directions": {
            "Y": "output",
            "B": "input",
            "A": "input"
          },
          "connections": {
            "Y": [ 5 ],
            "B": [ 4 ],
            "A": [ 6 ]
          }
        },
        "$and$Ejem01.v:40$1": {
          "hide_name": 1,
          "type": "$and",
          "parameters": {
            "Y_WIDTH": 1,
            "B_WIDTH": 1,
            "A_WIDTH": 1,
            "B_SIGNED": 0,
            "A_SIGNED": 0
          },
          "attributes": {
            "src": "Ejem01.v:40"
          },
          "port_directions": {
            "Y": "output",
            "B": "input",
            "A": "input"
          },
          "connections": {
            "Y": [ 6 ],
            "B": [ 3 ],
            "A": [ 2 ]
          }
        }
      },
      "netnames": {
        "$or$Ejem01.v:41$2_Y": {
          "hide_name": 1,
          "bits": [ 5 ],
          "attributes": {
            "src": "Ejem01.v:41"
          }
        },
        "$and$Ejem01.v:40$1_Y": {
          "hide_name": 1,
          "bits": [ 6 ],
          "attributes": {
            "src": "Ejem01.v:40"
          }
        },
        "d": {
          "hide_name": 0,
          "bits": [ 6 ],
          "attributes": {
            "src": "Ejem01.v:38"
          }
        },
        "out": {
          "hide_name": 0,
          "bits": [ 5 ],
          "attributes": {
            "src": "Ejem01.v:34"
          }
        },
        "c": {
          "hide_name": 0,
          "bits": [ 4 ],
          "attributes": {
            "src": "Ejem01.v:33"
          }
        },
        "b": {
          "hide_name": 0,
          "bits": [ 3 ],
          "attributes": {
            "src": "Ejem01.v:32"
          }
        },
        "a": {
          "hide_name": 0,
          "bits": [ 2 ],
          "attributes": {
            "src": "Ejem01.v:31"
          }
        }
      }
    },
    "main": {
      "attributes": {
        "src": "Ejem01.v:6"
      },
      "ports": {
        "v6b373b": {
          "direction": "input",
          "bits": [ 2 ]
        },
        "vdc365b": {
          "direction": "input",
          "bits": [ 3 ]
        },
        "v1e8eaf": {
          "direction": "input",
          "bits": [ 4 ]
        },
        "v02b1d1": {
          "direction": "output",
          "bits": [ 5 ]
        },
        "vinit": {
          "direction": "output",
          "bits": [ "0", "0", "0", "0", "0" ]
        }
      },
      "cells": {
        "vd5ba31": {
          "hide_name": 0,
          "type": "main_vd5ba31",
          "parameters": {
          },
          "attributes": {
            "src": "Ejem01.v:21"
          },
          "port_directions": {
            "out": "output",
            "c": "input",
            "b": "input",
            "a": "input"
          },
          "connections": {
            "out": [ 5 ],
            "c": [ 4 ],
            "b": [ 3 ],
            "a": [ 2 ]
          }
        }
      },
      "netnames": {
        "w3": {
          "hide_name": 0,
          "bits": [ 5 ],
          "attributes": {
            "src": "Ejem01.v:16"
          }
        },
        "w2": {
          "hide_name": 0,
          "bits": [ 4 ],
          "attributes": {
            "src": "Ejem01.v:15"
          }
        },
        "w1": {
          "hide_name": 0,
          "bits": [ 3 ],
          "attributes": {
            "src": "Ejem01.v:14"
          }
        },
        "w0": {
          "hide_name": 0,
          "bits": [ 2 ],
          "attributes": {
            "src": "Ejem01.v:13"
          }
        },
        "vinit": {
          "hide_name": 0,
          "bits": [ "0", "0", "0", "0", "0" ],
          "attributes": {
            "src": "Ejem01.v:11"
          }
        },
        "v02b1d1": {
          "hide_name": 0,
          "bits": [ 5 ],
          "attributes": {
            "src": "Ejem01.v:10"
          }
        },
        "v1e8eaf": {
          "hide_name": 0,
          "bits": [ 4 ],
          "attributes": {
            "src": "Ejem01.v:9"
          }
        },
        "vdc365b": {
          "hide_name": 0,
          "bits": [ 3 ],
          "attributes": {
            "src": "Ejem01.v:8"
          }
        },
        "v6b373b": {
          "hide_name": 0,
          "bits": [ 2 ],
          "attributes": {
            "src": "Ejem01.v:7"
          }
        }
      }
    }
  }
}
